,precision,recall,f1-score,support
cancerous,0.9896373056994818,0.9794871794871794,0.9845360824742269,195.0
non_cancerous,0.9849246231155779,1.0,0.9924050632911392,196.0
precancerous,0.9951923076923077,0.9904306220095693,0.9928057553956835,209.0
accuracy,0.99,0.99,0.99,0.99
macro avg,0.9899180788357892,0.9899726004989162,0.9899156337203499,600.0
weighted avg,0.9900328217495743,0.99,0.989987218942059,600.0
